RespoID,fName,mName,lName,contact,Email
1,Willyt,Lothaire,Buckle,886-145-6135,lbuckle0@reference.com
2,Catlee,Annabal,Barensky,154-159-7458,abarensky1@bing.com
3,Jameson,Osmond,Stanfield,997-773-9678,ostanfield2@miibeian.gov.cn
4,Chuck,Ripley,Zarfati,914-165-6704,rzarfati3@dailymotion.com
5,Isabelita,Reyna,Stutt,931-151-7530,rstutt4@vimeo.com
6,Lanny,Ingram,Broz,535-141-7084,ibroz5@dedecms.com
7,Latrina,Anni,Jessett,269-273-6356,ajessett6@berkeley.edu
8,Karlis,Leonie,Mundford,361-586-8773,lmundford7@vkontakte.ru
9,Morgen,Decca,Realy,958-523-9475,drealy8@weebly.com
10,Stewart,Mitzi,Epton,543-132-0622,mepton9@latimes.com
11,Findlay,Zabrina,Wisniewski,403-885-6749,zwisniewskia@shop-pro.jp
12,Helsa,Joshua,Baily,729-128-0745,jbailyb@bizjournals.com
13,Jaymie,Trefor,Freiburger,562-146-6559,tfreiburgerc@independent.co.uk
14,Georgia,Galvan,Kelleway,907-827-7436,gkellewayd@icq.com
15,Gordy,Cesar,"Oosthout de Vree",139-485-2826,coosthoutdevreee@pagesperso-orange.fr
16,Payton,Goldy,Nurdin,718-993-6631,gnurdinf@pagesperso-orange.fr
17,Katharina,Erhard,Chadband,494-447-8111,echadbandg@oracle.com
18,Nappy,Kaleb,Teasdale-Markie,285-991-5590,kteasdalemarkieh@dailymotion.com
19,Gar,Roscoe,Brisse,555-704-3484,rbrissei@cornell.edu
20,Sammy,Risa,Rooksby,878-139-8344,rrooksbyj@dropbox.com
21,Kristopher,Cobby,Peschmann,614-518-9566,cpeschmannk@nydailynews.com
22,Burg,Eran,"De Mars",828-835-1060,edemarsl@rediff.com
23,Anneliese,Cheston,Torpie,636-515-4216,ctorpiem@marketwatch.com
24,Bernice,Liliane,Kingcott,662-860-9675,lkingcottn@e-recht24.de
25,Daniella,Nina,Beddoe,109-925-1829,nbeddoeo@i2i.jp
26,Asia,Elsie,McLice,496-869-4909,emclicep@utexas.edu
27,Stanleigh,Andonis,Batchelar,291-606-1801,abatchelarq@paypal.com
28,Stearne,Ashly,Riguard,657-630-2327,ariguardr@thetimes.co.uk
29,Colline,Lenci,Ephson,741-228-7424,lephsons@who.int
30,Claresta,Auberta,Yearron,108-735-9330,ayearront@google.com.br
31,Ulric,Tann,Staniland,131-456-2328,tstanilandu@mozilla.com
32,Bernetta,Reynold,Breeton,733-488-4561,rbreetonv@unicef.org
33,Helen,Granger,Dowty,542-912-5792,gdowtyw@pinterest.com
34,Cecilla,Davin,Faragher,816-381-4823,dfaragherx@washingtonpost.com
35,Edi,Ogdan,Butchers,221-206-0115,obutchersy@youtu.be
36,Alene,Berna,Waker,130-370-0564,bwakerz@miibeian.gov.cn
37,Jada,Bevan,Salvidge,649-777-8728,bsalvidge10@smugmug.com
38,Myriam,Devy,Trelevan,153-192-8050,dtrelevan11@reuters.com
39,Sophi,Eduardo,Doeg,392-719-2333,edoeg12@google.pl
40,Suzie,Jose,Pyrton,328-793-5168,jpyrton13@comsenz.com
41,Flossie,Kelcey,Bodham,736-863-2398,kbodham14@t.co
42,Jena,Glynda,Gibby,483-689-5155,ggibby15@cocolog-nifty.com
43,Rafferty,Murry,Deans,871-208-7169,mdeans16@delicious.com
44,Courtenay,Elysee,Flanner,313-116-2918,eflanner17@diigo.com
45,Min,Traci,Lathleiff,588-624-4848,tlathleiff18@networksolutions.com
46,Dasie,Kriste,Coan,618-981-9682,kcoan19@nih.gov
47,Jacinta,Teresa,Hardingham,142-247-2315,thardingham1a@mapquest.com
48,Chip,Athena,Gauchier,695-753-3571,agauchier1b@marriott.com
49,Tobias,Karlis,Heaton,636-682-2232,kheaton1c@rakuten.co.jp
50,Pennie,Felisha,Cosham,483-789-2937,fcosham1d@usnews.com
51,Elisabet,Giuditta,Brettle,799-486-2200,gbrettle1e@fastcompany.com
52,Nil,Chrissie,Crossland,254-335-9502,ccrossland1f@hao123.com
53,Lorant,Asa,Rauprich,434-852-6893,arauprich1g@ebay.co.uk
54,Kellby,Sascha,Pidgin,608-189-9624,spidgin1h@oakley.com
55,Maria,Nicolai,Castellet,836-752-5005,ncastellet1i@deviantart.com
56,Lolita,Martha,Henrie,713-927-8156,mhenrie1j@java.com
57,Wynnie,Minda,Backshall,828-619-4190,mbackshall1k@ehow.com
58,Torin,Carmelle,Mohun,496-359-5394,cmohun1l@google.es
59,Lanie,Hall,Kulis,254-896-3520,hkulis1m@booking.com
60,Brock,Esmaria,January,341-803-7848,ejanuary1n@t-online.de
